segment,oem,units_2026,units_2025,yoy_growth_pct,share_2026_pct,share_2025_pct,share_change_bps,segment_growth_pct,growth_vs_market_pts,brand,is_portfolio_brand
2W,HERO MOTOCORP LTD,3830861,3271884,17.0843,26.3032,27.2853,-98.2187,21.4563,-4.372,Hero Motocorp Ltd,False
2W,HONDA MOTORCYCLE AND SCOOTER INDIA (P) LTD,3669847,2961563,23.9159,25.1976,24.6975,50.0143,21.4563,2.4596,Honda Motorcycle And Scooter India (P) Ltd,False
2W,TVS MOTOR COMPANY LTD,2885484,2272492,26.9744,19.8121,18.9511,86.1007,21.4563,5.5181,Tvs Motor Company Ltd,False
2W,BAJAJ AUTO LTD,1488203,1296772,14.7621,10.2182,10.8142,-59.6036,21.4563,-6.6942,Bajaj Auto Ltd,False
2W,SUZUKI MOTORCYCLE INDIA PVT LTD,794964,710918,11.8222,5.4583,5.9286,-47.0266,21.4563,-9.6341,Suzuki Motorcycle India Pvt Ltd,False
2W,ROYAL-ENFIELD (UNIT OF EICHER LTD),755306,621391,21.5508,5.186,5.182,0.4034,21.4563,0.0945,Royal-Enfield (Unit Of Eicher Ltd),False
2W,INDIA YAMAHA MOTOR PVT LTD,512874,406789,26.0786,3.5215,3.3924,12.9105,21.4563,4.6223,India Yamaha Motor Pvt Ltd,False
2W,ATHER ENERGY LTD,232471,127740,81.9876,1.5962,1.0653,53.0907,21.4563,60.5313,Ather,True
2W,OLA ELECTRIC TECHNOLOGIES PVT LTD,98957,143573,-31.0755,0.6795,1.1973,-51.7853,21.4563,-52.5318,Ola Electric Technologies Pvt Ltd,False
2W,Others Including EV,95618,76331,25.2676,0.6565,0.6366,1.9975,21.4563,3.8113,Others Including Ev,False
2W,GREAVES ELECTRIC MOBILITY LTD,66252,35175,88.3497,0.4549,0.2933,16.1558,21.4563,66.8934,Greaves Electric Mobility Ltd,False
2W,CLASSIC LEGENDS PVT LTD,35937,19753,81.9319,0.2467,0.1647,8.2021,21.4563,60.4756,Classic Legends Pvt Ltd,False
2W,RIVER MOBILITY PVT LTD,34373,10166,238.1173,0.236,0.0848,15.1232,21.4563,216.661,River Mobility Pvt Ltd,False
2W,BGAUSS AUTO PRIVATE LIMITED,31757,14196,123.7039,0.218,0.1184,9.9662,21.4563,102.2476,Bgauss Auto Private Limited,False
2W,PIAGGIO VEHICLES PVT LTD,26291,20764,26.6182,0.1805,0.1732,0.7359,21.4563,5.1619,Piaggio Vehicles Pvt Ltd,False
2W,BOUNCE ELECTRIC 1 PVT LTD,3069,895,242.905,0.0211,0.0075,1.3608,21.4563,221.4487,Bounce Electric 1 Pvt Ltd,False
2W,E-SPRINTO GREEN ENERGY PVT LTD,1997,957,108.6729,0.0137,0.008,0.5731,21.4563,87.2166,E-Sprinto Green Energy Pvt Ltd,False
PV,MARUTI SUZUKI INDIA LTD,1314382,1041651,26.1826,39.8071,38.5233,128.3779,22.1132,4.0694,Maruti Suzuki,False
PV,TATA MOTORS LTD,466341,340591,36.9211,14.1235,12.5961,152.7449,22.1132,14.8079,Tata Motors,False
PV,MAHINDRA & MAHINDRA LIMITED,438763,367858,19.2751,13.2883,13.6045,-31.6187,22.1132,-2.8381,Mahindra,False
PV,HYUNDAI MOTOR INDIA LTD,377282,338583,11.4297,11.4263,12.5218,-109.5513,22.1132,-10.6835,Hyundai,False
PV,TOYOTA KIRLOSKAR MOTOR PVT LTD,218392,202405,7.8985,6.6142,7.4855,-87.1359,22.1132,-14.2147,Toyota,True
PV,KIA INDIA PRIVATE LIMITED,201760,161733,24.7488,6.1105,5.9814,12.9099,22.1132,2.6356,Kia,False
PV,SKODA AUTO VOLKSWAGEN GROUP,65940,69730,-5.4353,1.997,2.5788,-58.1776,22.1132,-27.5484,Skoda-VW,False
PV,JSW MG MOTOR INDIA PVT LTD,49028,46705,4.9738,1.4849,1.7273,-24.2437,22.1132,-17.1394,MG Motor,True
PV,HONDA CARS INDIA LTD,41043,37271,10.1205,1.243,1.3784,-13.5372,22.1132,-11.9927,Honda Cars,True
PV,RENAULT INDIA PVT LTD,29194,20612,41.6359,0.8842,0.7623,12.1871,22.1132,19.5228,Renault,False
PV,NISSAN MOTOR INDIA PVT LTD,21344,12906,65.3804,0.6464,0.4773,16.9118,22.1132,43.2673,Nissan,False
PV,Others,16587,23125,-28.2724,0.5024,0.8552,-35.288,22.1132,-50.3856,Others,False
PV,BMW INDIA PVT LTD,12388,10657,16.2428,0.3752,0.3941,-1.8947,22.1132,-5.8703,BMW,False
PV,MERCEDES-BENZ GROUP,11732,11729,0.0256,0.3553,0.4338,-7.846,22.1132,-22.0876,Mercedes-Benz,True
PV,VINFAST AUTO INDIA PVT LTD,11594,6,193133.3333,0.3511,0.0002,35.0912,22.1132,193111.2201,VinFast,False
PV,FORCE MOTORS LIMITED,9125,4258,114.3025,0.2764,0.1575,11.8885,22.1132,92.1893,Force Motors,False
PV,STELLANTIS GROUP,8042,5876,36.8618,0.2436,0.2173,2.6247,22.1132,14.7486,Stellantis,False
PV,BYD INDIA PRIVATE LIMITED,4876,4183,16.5671,0.1477,0.1547,-0.7026,22.1132,-5.5461,BYD,False
PV,JAGUAR LAND ROVER INDIA LIMITED,4064,4069,-0.1229,0.1231,0.1505,-2.7402,22.1132,-22.2361,JLR,False
