month,segment,oem,units_2026,units_2025,share_2026_pct,share_2025_pct,yoy_growth_pct,brand
2026-02,2W,HERO MOTOCORP LTD,457826,386703,26.9229,28.4308,18.3922,Hero Motocorp Ltd
2026-02,2W,HONDA MOTORCYCLE AND SCOOTER INDIA (P) LTD,431253,329857,25.3603,24.2514,30.7394,Honda Motorcycle And Scooter India (P) Ltd
2026-02,2W,TVS MOTOR COMPANY LTD,333935,254599,19.6374,18.7184,31.1612,Tvs Motor Company Ltd
2026-02,2W,BAJAJ AUTO LTD,180846,154205,10.6348,11.3373,17.2764,Bajaj Auto Ltd
2026-02,2W,SUZUKI MOTORCYCLE INDIA PVT LTD,94398,77292,5.5512,5.6826,22.1317,Suzuki Motorcycle India Pvt Ltd
2026-02,2W,ROYAL-ENFIELD (UNIT OF EICHER LTD),91216,71974,5.3641,5.2916,26.7347,Royal-Enfield (Unit Of Eicher Ltd)
2026-02,2W,INDIA YAMAHA MOTOR PVT LTD,60967,46327,3.5852,3.406,31.6014,India Yamaha Motor Pvt Ltd
2026-02,2W,ATHER ENERGY LTD,20584,11978,1.2105,0.8806,71.8484,Ather
2026-02,2W,GREAVES ELECTRIC MOBILITY LTD,4724,3704,0.2778,0.2723,27.5378,Greaves Electric Mobility Ltd
2026-02,2W,CLASSIC LEGENDS PVT LTD,4468,2350,0.2627,0.1728,90.1277,Classic Legends Pvt Ltd
2026-02,2W,OLA ELECTRIC TECHNOLOGIES PVT LTD,3968,8675,0.2333,0.6378,-54.2594,Ola Electric Technologies Pvt Ltd
2026-02,2W,PIAGGIO VEHICLES PVT LTD,2867,2358,0.1686,0.1734,21.5861,Piaggio Vehicles Pvt Ltd
2026-02,2W,BGAUSS AUTO PRIVATE LIMITED,2411,1219,0.1418,0.0896,97.7851,Bgauss Auto Private Limited
2026-02,2W,RIVER MOBILITY PVT LTD,2255,613,0.1326,0.0451,267.863,River Mobility Pvt Ltd
2026-02,2W,Others Including EV,8787,8301,0.5167,0.6103,5.8547,Others Including Ev
2026-02,PV,MARUTI SUZUKI INDIA LTD,154095,120010,39.0343,38.34,28.4018,Maruti Suzuki
2026-02,PV,TATA MOTORS LTD,56447,39502,14.2988,12.6198,42.8966,Tata Motors
2026-02,PV,MAHINDRA & MAHINDRA LIMITED,53281,42414,13.4968,13.5501,25.6213,Mahindra
2026-02,PV,HYUNDAI MOTOR INDIA LTD,45615,39368,11.5549,12.577,15.8682,Hyundai
2026-02,PV,TOYOTA KIRLOSKAR MOTOR PVT LTD,26392,23283,6.6854,7.4383,13.3531,Toyota
2026-02,PV,KIA INDIA PRIVATE LIMITED,25031,19479,6.3407,6.223,28.5025,Kia
2026-02,PV,SKODA AUTO VOLKSWAGEN GROUP,7615,6777,1.929,2.1651,12.3654,Skoda-VW
2026-02,PV,HONDA CARS INDIA LTD,4774,5354,1.2093,1.7105,-10.833,Honda Cars
2026-02,PV,JSW MG MOTOR INDIA PVT LTD,4548,4846,1.1521,1.5482,-6.1494,MG Motor
2026-02,PV,RENAULT INDIA PVT LTD,3248,2547,0.8228,0.8137,27.5226,Renault
2026-02,PV,NISSAN MOTOR INDIA PVT LTD,1622,1747,0.4109,0.5581,-7.1551,Nissan
2026-02,PV,FORCE MOTORS LIMITED,1415,565,0.3584,0.1805,150.4425,Force Motors
2026-02,PV,MERCEDES-BENZ GROUP,1371,1306,0.3473,0.4172,4.977,Mercedes-Benz
2026-02,PV,BMW INDIA PVT LTD,1216,1208,0.308,0.3859,0.6623,BMW
2026-02,PV,STELLANTIS GROUP,1009,764,0.2556,0.2441,32.0681,Stellantis
2026-02,PV,JAGUAR LAND ROVER INDIA LIMITED,478,515,0.1211,0.1645,-7.1845,JLR
2026-02,PV,VINFAST AUTO INDIA PVT LTD,384,0,0.0973,0.0,,VinFast
2026-02,PV,BYD INDIA PRIVATE LIMITED,306,278,0.0775,0.0888,10.0719,BYD
2026-02,PV,Others,5921,3052,1.4999,0.975,94.0039,Others
2026-03,2W,HERO MOTOCORP LTD,541857,436598,27.7732,28.7965,24.1089,Hero Motocorp Ltd
2026-03,2W,HONDA MOTORCYCLE AND SCOOTER INDIA (P) LTD,475313,357548,24.3625,23.5826,32.9368,Honda Motorcycle And Scooter India (P) Ltd
2026-03,2W,TVS MOTOR COMPANY LTD,374602,276276,19.2005,18.2222,35.5898,Tvs Motor Company Ltd
2026-03,2W,BAJAJ AUTO LTD,216253,171866,11.0842,11.3357,25.8265,Bajaj Auto Ltd
2026-03,2W,SUZUKI MOTORCYCLE INDIA PVT LTD,98412,84955,5.0442,5.6033,15.8402,Suzuki Motorcycle India Pvt Ltd
2026-03,2W,ROYAL-ENFIELD (UNIT OF EICHER LTD),96510,77560,4.9467,5.1156,24.4327,Royal-Enfield (Unit Of Eicher Ltd)
2026-03,2W,INDIA YAMAHA MOTOR PVT LTD,65705,48320,3.3677,3.187,35.9789,India Yamaha Motor Pvt Ltd
2026-03,2W,ATHER ENERGY LTD,35736,15650,1.8317,1.0322,128.345,Ather
2026-03,2W,OLA ELECTRIC TECHNOLOGIES PVT LTD,10118,23634,0.5186,1.5588,-57.1888,Ola Electric Technologies Pvt Ltd
2026-03,2W,GREAVES ELECTRIC MOBILITY LTD,7965,5648,0.4083,0.3725,41.0234,Greaves Electric Mobility Ltd
2026-03,2W,CLASSIC LEGENDS PVT LTD,4617,2324,0.2366,0.1533,98.6661,Classic Legends Pvt Ltd
2026-03,2W,RIVER MOBILITY PVT LTD,4149,802,0.2127,0.0529,417.3317,River Mobility Pvt Ltd
2026-03,2W,BGAUSS AUTO PRIVATE LIMITED,3680,2591,0.1886,0.1709,42.0301,Bgauss Auto Private Limited
2026-03,2W,PIAGGIO VEHICLES PVT LTD,3122,2333,0.16,0.1539,33.8191,Piaggio Vehicles Pvt Ltd
2026-03,2W,Others Including EV,12967,10045,0.6646,0.6625,29.0891,Others Including Ev
2026-03,PV,MARUTI SUZUKI INDIA LTD,172814,134406,39.2631,37.0976,28.5761,Maruti Suzuki
2026-03,PV,TATA MOTORS LTD,65784,49721,14.946,13.7236,32.3063,Tata Motors
2026-03,PV,MAHINDRA & MAHINDRA LIMITED,61029,49211,13.8657,13.5828,24.015,Mahindra
2026-03,PV,HYUNDAI MOTOR INDIA LTD,48791,44007,11.0852,12.1464,10.871,Hyundai
2026-03,PV,KIA INDIA PRIVATE LIMITED,28108,22833,6.3861,6.3022,23.1025,Kia
2026-03,PV,TOYOTA KIRLOSKAR MOTOR PVT LTD,27533,25348,6.2555,6.9963,8.62,Toyota
2026-03,PV,SKODA AUTO VOLKSWAGEN GROUP,8765,9504,1.9914,2.6232,-7.7757,Skoda-VW
2026-03,PV,JSW MG MOTOR INDIA PVT LTD,6269,5567,1.4243,1.5366,12.61,MG Motor
2026-03,PV,HONDA CARS INDIA LTD,5528,5146,1.256,1.4204,7.4232,Honda Cars
2026-03,PV,RENAULT INDIA PVT LTD,3594,2652,0.8166,0.732,35.5204,Renault
2026-03,PV,NISSAN MOTOR INDIA PVT LTD,2544,1806,0.578,0.4985,40.8638,Nissan
2026-03,PV,BMW INDIA PVT LTD,1580,1384,0.359,0.382,14.1618,BMW
2026-03,PV,MERCEDES-BENZ GROUP,1448,1644,0.329,0.4538,-11.9221,Mercedes-Benz
2026-03,PV,FORCE MOTORS LIMITED,1312,593,0.2981,0.1637,121.2479,Force Motors
2026-03,PV,STELLANTIS GROUP,971,663,0.2206,0.183,46.4555,Stellantis
2026-03,PV,VINFAST AUTO INDIA PVT LTD,691,0,0.157,0.0,,VinFast
2026-03,PV,JAGUAR LAND ROVER INDIA LIMITED,439,567,0.0997,0.1565,-22.575,JLR
2026-03,PV,BYD INDIA PRIVATE LIMITED,414,452,0.0941,0.1248,-8.4071,BYD
2026-03,PV,Others,2530,6800,0.5748,1.8769,-62.7941,Others
2026-04,2W,HERO MOTOCORP LTD,552145,512520,28.8137,30.2258,7.7314,Hero Motocorp Ltd
2026-04,2W,HONDA MOTORCYCLE AND SCOOTER INDIA (P) LTD,472289,407791,24.6464,24.0494,15.8164,Honda Motorcycle And Scooter India (P) Ltd
2026-04,2W,TVS MOTOR COMPANY LTD,368853,310734,19.2486,18.3255,18.7038,Tvs Motor Company Ltd
2026-04,2W,BAJAJ AUTO LTD,201777,183808,10.5297,10.84,9.776,Bajaj Auto Ltd
2026-04,2W,ROYAL-ENFIELD (UNIT OF EICHER LTD),96798,82593,5.0514,4.8709,17.1988,Royal-Enfield (Unit Of Eicher Ltd)
2026-04,2W,SUZUKI MOTORCYCLE INDIA PVT LTD,90401,92517,4.7176,5.4562,-2.2871,Suzuki Motorcycle India Pvt Ltd
2026-04,2W,INDIA YAMAHA MOTOR PVT LTD,63433,52595,3.3103,3.1018,20.6065,India Yamaha Motor Pvt Ltd
2026-04,2W,ATHER ENERGY LTD,27034,13332,1.4108,0.7863,102.7753,Ather
2026-04,2W,OLA ELECTRIC TECHNOLOGIES PVT LTD,12171,19824,0.6351,1.1691,-38.6047,Ola Electric Technologies Pvt Ltd
2026-04,2W,GREAVES ELECTRIC MOBILITY LTD,6884,4003,0.3592,0.2361,71.971,Greaves Electric Mobility Ltd
2026-04,2W,CLASSIC LEGENDS PVT LTD,4520,2477,0.2359,0.1461,82.4788,Classic Legends Pvt Ltd
2026-04,2W,RIVER MOBILITY PVT LTD,3199,796,0.1669,0.0469,301.8844,River Mobility Pvt Ltd
2026-04,2W,BGAUSS AUTO PRIVATE LIMITED,3066,1313,0.16,0.0774,133.511,Bgauss Auto Private Limited
2026-04,2W,PIAGGIO VEHICLES PVT LTD,2926,2629,0.1527,0.155,11.2971,Piaggio Vehicles Pvt Ltd
2026-04,2W,Others Including EV,10762,8706,0.5616,0.5134,23.6159,Others Including Ev
2026-04,PV,MARUTI SUZUKI INDIA LTD,158509,140971,38.9118,38.832,12.4409,Maruti Suzuki
2026-04,PV,TATA MOTORS LTD,57688,45130,14.1616,12.4315,27.8263,Tata Motors
2026-04,PV,MAHINDRA & MAHINDRA LIMITED,55236,51574,13.5597,14.2066,7.1005,Mahindra
2026-04,PV,HYUNDAI MOTOR INDIA LTD,47449,45203,11.6481,12.4517,4.9687,Hyundai
2026-04,PV,TOYOTA KIRLOSKAR MOTOR PVT LTD,27006,25609,6.6296,7.0543,5.4551,Toyota
2026-04,PV,KIA INDIA PRIVATE LIMITED,25226,22368,6.1926,6.1615,12.7772,Kia
2026-04,PV,SKODA AUTO VOLKSWAGEN GROUP,8913,10070,2.188,2.7739,-11.4896,Skoda-VW
2026-04,PV,JSW MG MOTOR INDIA PVT LTD,6064,5284,1.4886,1.4555,14.7615,MG Motor
2026-04,PV,HONDA CARS INDIA LTD,5346,5057,1.3124,1.393,5.7149,Honda Cars
2026-04,PV,RENAULT INDIA PVT LTD,4087,2870,1.0033,0.7906,42.4042,Renault
2026-04,PV,NISSAN MOTOR INDIA PVT LTD,3047,1914,0.748,0.5272,59.1954,Nissan
2026-04,PV,BMW INDIA PVT LTD,1448,1333,0.3555,0.3672,8.6272,BMW
2026-04,PV,MERCEDES-BENZ GROUP,1330,1416,0.3265,0.3901,-6.0734,Mercedes-Benz
2026-04,PV,VINFAST AUTO INDIA PVT LTD,1232,0,0.3024,0.0,,VinFast
2026-04,PV,FORCE MOTORS LIMITED,1166,541,0.2862,0.149,115.5268,Force Motors
2026-04,PV,STELLANTIS GROUP,970,714,0.2381,0.1967,35.8543,Stellantis
2026-04,PV,BYD INDIA PRIVATE LIMITED,469,398,0.1151,0.1096,17.8392,BYD
2026-04,PV,JAGUAR LAND ROVER INDIA LIMITED,450,458,0.1105,0.1262,-1.7467,JLR
2026-04,PV,Others,1719,2118,0.422,0.5834,-18.8385,Others
2026-05,2W,HERO MOTOCORP LTD,517951,507323,28.074,29.5715,2.0949,Hero Motocorp Ltd
2026-05,2W,HONDA MOTORCYCLE AND SCOOTER INDIA (P) LTD,452420,413597,24.5221,24.1083,9.3867,Honda Motorcycle And Scooter India (P) Ltd
2026-05,2W,TVS MOTOR COMPANY LTD,356352,319518,19.315,18.6245,11.528,Tvs Motor Company Ltd
2026-05,2W,BAJAJ AUTO LTD,197738,193944,10.7178,11.3049,1.9562,Bajaj Auto Ltd
2026-05,2W,SUZUKI MOTORCYCLE INDIA PVT LTD,97885,93114,5.3056,5.4275,5.1238,Suzuki Motorcycle India Pvt Ltd
2026-05,2W,ROYAL-ENFIELD (UNIT OF EICHER LTD),84480,81672,4.579,4.7606,3.4381,Royal-Enfield (Unit Of Eicher Ltd)
2026-05,2W,INDIA YAMAHA MOTOR PVT LTD,60625,52041,3.286,3.0334,16.4947,India Yamaha Motor Pvt Ltd
2026-05,2W,ATHER ENERGY LTD,28240,14101,1.5307,0.8219,100.2695,Ather
2026-05,2W,OLA ELECTRIC TECHNOLOGIES PVT LTD,15141,18967,0.8207,1.1056,-20.1719,Ola Electric Technologies Pvt Ltd
2026-05,2W,GREAVES ELECTRIC MOBILITY LTD,7695,4325,0.4171,0.2521,77.9191,Greaves Electric Mobility Ltd
2026-05,2W,CLASSIC LEGENDS PVT LTD,4447,2190,0.241,0.1277,103.0594,Classic Legends Pvt Ltd
2026-05,2W,RIVER MOBILITY PVT LTD,3720,1078,0.2016,0.0628,245.0835,River Mobility Pvt Ltd
2026-05,2W,BGAUSS AUTO PRIVATE LIMITED,3297,1082,0.1787,0.0631,204.7135,Bgauss Auto Private Limited
2026-05,2W,PIAGGIO VEHICLES PVT LTD,3056,2564,0.1656,0.1495,19.1888,Piaggio Vehicles Pvt Ltd
2026-05,2W,Others Including EV,11900,10065,0.645,0.5867,18.2315,Others Including Ev
2026-05,PV,MARUTI SUZUKI INDIA LTD,164925,123714,40.9659,37.8729,33.3115,Maruti Suzuki
2026-05,PV,TATA MOTORS LTD,55544,39888,13.7966,12.211,39.2499,Tata Motors
2026-05,PV,MAHINDRA & MAHINDRA LIMITED,51311,46464,12.7452,14.2241,10.4317,Mahindra
2026-05,PV,HYUNDAI MOTOR INDIA LTD,46223,40979,11.4814,12.545,12.7968,Hyundai
2026-05,PV,TOYOTA KIRLOSKAR MOTOR PVT LTD,26294,24726,6.5312,7.5694,6.3415,Toyota
2026-05,PV,KIA INDIA PRIVATE LIMITED,24644,18450,6.1213,5.6481,33.5718,Kia
2026-05,PV,SKODA AUTO VOLKSWAGEN GROUP,8380,9374,2.0815,2.8697,-10.6038,Skoda-VW
2026-05,PV,JSW MG MOTOR INDIA PVT LTD,5861,5966,1.4558,1.8264,-1.76,MG Motor
2026-05,PV,HONDA CARS INDIA LTD,4489,4529,1.115,1.3865,-0.8832,Honda Cars
2026-05,PV,RENAULT INDIA PVT LTD,4217,2472,1.0475,0.7568,70.5906,Renault
2026-05,PV,NISSAN MOTOR INDIA PVT LTD,2959,1605,0.735,0.4913,84.3614,Nissan
2026-05,PV,BMW INDIA PVT LTD,1371,1173,0.3405,0.3591,16.8798,BMW
2026-05,PV,MERCEDES-BENZ GROUP,1327,1519,0.3296,0.465,-12.6399,Mercedes-Benz
2026-05,PV,VINFAST AUTO INDIA PVT LTD,1238,0,0.3075,0.0,,VinFast
2026-05,PV,STELLANTIS GROUP,851,732,0.2114,0.2241,16.2568,Stellantis
2026-05,PV,FORCE MOTORS LIMITED,726,472,0.1803,0.1445,53.8136,Force Motors
2026-05,PV,BYD INDIA PRIVATE LIMITED,686,621,0.1704,0.1901,10.467,BYD
2026-05,PV,JAGUAR LAND ROVER INDIA LIMITED,363,409,0.0902,0.1252,-11.2469,JLR
2026-05,PV,Others,1182,3563,0.2936,1.0907,-66.8257,Others
2026-06,2W,HERO MOTOCORP LTD,472144,401803,25.822,26.6381,17.5063,Hero Motocorp Ltd
2026-06,2W,HONDA MOTORCYCLE AND SCOOTER INDIA (P) LTD,452754,374971,24.7615,24.8592,20.7437,Honda Motorcycle And Scooter India (P) Ltd
2026-06,2W,TVS MOTOR COMPANY LTD,359243,292639,19.6473,19.4009,22.7598,Tvs Motor Company Ltd
2026-06,2W,BAJAJ AUTO LTD,188145,165733,10.2898,10.9875,13.523,Bajaj Auto Ltd
2026-06,2W,SUZUKI MOTORCYCLE INDIA PVT LTD,105057,90429,5.7457,5.9951,16.1762,Suzuki Motorcycle India Pvt Ltd
2026-06,2W,ROYAL-ENFIELD (UNIT OF EICHER LTD),94548,75386,5.1709,4.9978,25.4185,Royal-Enfield (Unit Of Eicher Ltd)
2026-06,2W,INDIA YAMAHA MOTOR PVT LTD,67696,50234,3.7024,3.3303,34.7613,India Yamaha Motor Pvt Ltd
2026-06,2W,ATHER ENERGY LTD,31230,16015,1.708,1.0617,95.0047,Ather
2026-06,2W,OLA ELECTRIC TECHNOLOGIES PVT LTD,16150,20697,0.8833,1.3721,-21.9694,Ola Electric Technologies Pvt Ltd
2026-06,2W,GREAVES ELECTRIC MOBILITY LTD,10930,4310,0.5978,0.2857,153.5963,Greaves Electric Mobility Ltd
2026-06,2W,CLASSIC LEGENDS PVT LTD,4515,2106,0.2469,0.1396,114.3875,Classic Legends Pvt Ltd
2026-06,2W,RIVER MOBILITY PVT LTD,4399,1399,0.2406,0.0927,214.4389,River Mobility Pvt Ltd
2026-06,2W,BGAUSS AUTO PRIVATE LIMITED,3917,1975,0.2142,0.1309,98.3291,Bgauss Auto Private Limited
2026-06,2W,PIAGGIO VEHICLES PVT LTD,3263,2475,0.1785,0.1641,31.8384,Piaggio Vehicles Pvt Ltd
2026-06,2W,Others Including EV,14467,8206,0.7912,0.544,76.2978,Others Including Ev
2026-06,PV,MARUTI SUZUKI INDIA LTD,167834,122775,40.8501,38.4378,36.7005,Maruti Suzuki
2026-06,PV,TATA MOTORS LTD,57009,37731,13.8758,11.8126,51.0933,Tata Motors
2026-06,PV,MAHINDRA & MAHINDRA LIMITED,54099,44249,13.1675,13.8533,22.2604,Mahindra
2026-06,PV,HYUNDAI MOTOR INDIA LTD,44163,40743,10.7491,12.7556,8.3941,Hyundai
2026-06,PV,TOYOTA KIRLOSKAR MOTOR PVT LTD,28818,25031,7.0142,7.8366,15.1292,Toyota
2026-06,PV,KIA INDIA PRIVATE LIMITED,23166,19485,5.6385,6.1003,18.8915,Kia
2026-06,PV,SKODA AUTO VOLKSWAGEN GROUP,8098,8564,1.971,2.6812,-5.4414,Skoda-VW
2026-06,PV,JSW MG MOTOR INDIA PVT LTD,6997,5768,1.703,1.8058,21.3072,MG Motor
2026-06,PV,HONDA CARS INDIA LTD,4833,4230,1.1763,1.3243,14.2553,Honda Cars
2026-06,PV,RENAULT INDIA PVT LTD,3858,2578,0.939,0.8071,49.6509,Renault
2026-06,PV,NISSAN MOTOR INDIA PVT LTD,2749,1398,0.6691,0.4377,96.6381,Nissan
2026-06,PV,BMW INDIA PVT LTD,1699,1327,0.4135,0.4155,28.0332,BMW
2026-06,PV,MERCEDES-BENZ GROUP,1608,1513,0.3914,0.4737,6.2789,Mercedes-Benz
2026-06,PV,VINFAST AUTO INDIA PVT LTD,1404,0,0.3417,0.0,,VinFast
2026-06,PV,STELLANTIS GROUP,999,769,0.2432,0.2408,29.909,Stellantis
2026-06,PV,BYD INDIA PRIVATE LIMITED,873,508,0.2125,0.159,71.8504,BYD
2026-06,PV,FORCE MOTORS LIMITED,870,410,0.2118,0.1284,112.1951,Force Motors
2026-06,PV,JAGUAR LAND ROVER INDIA LIMITED,587,540,0.1429,0.1691,8.7037,JLR
2026-06,PV,Others,1189,1793,0.2894,0.5613,-33.6866,Others
2026-07,2W,HONDA MOTORCYCLE AND SCOOTER INDIA (P) LTD,469687,365395,25.8313,25.7726,28.5423,Honda Motorcycle And Scooter India (P) Ltd
2026-07,2W,HERO MOTOCORP LTD,440662,347398,24.235,24.5032,26.8464,Hero Motocorp Ltd
2026-07,2W,TVS MOTOR COMPANY LTD,374113,280337,20.575,19.7731,33.4512,Tvs Motor Company Ltd
2026-07,2W,BAJAJ AUTO LTD,180183,146667,9.9095,10.3449,22.8518,Bajaj Auto Ltd
2026-07,2W,SUZUKI MOTORCYCLE INDIA PVT LTD,102668,93984,5.6464,6.629,9.2399,Suzuki Motorcycle India Pvt Ltd
2026-07,2W,ROYAL-ENFIELD (UNIT OF EICHER LTD),95080,72207,5.2291,5.093,31.677,Royal-Enfield (Unit Of Eicher Ltd)
2026-07,2W,INDIA YAMAHA MOTOR PVT LTD,67781,52486,3.7277,3.702,29.1411,India Yamaha Motor Pvt Ltd
2026-07,2W,ATHER ENERGY LTD,30357,17834,1.6695,1.2579,70.2198,Ather
2026-07,2W,OLA ELECTRIC TECHNOLOGIES PVT LTD,14106,18450,0.7758,1.3013,-23.5447,Ola Electric Technologies Pvt Ltd
2026-07,2W,GREAVES ELECTRIC MOBILITY LTD,10125,4266,0.5568,0.3009,137.3418,Greaves Electric Mobility Ltd
2026-07,2W,RIVER MOBILITY PVT LTD,5954,1680,0.3275,0.1185,254.4048,River Mobility Pvt Ltd
2026-07,2W,BGAUSS AUTO PRIVATE LIMITED,5518,1763,0.3035,0.1244,212.9892,Bgauss Auto Private Limited
2026-07,2W,CLASSIC LEGENDS PVT LTD,4541,2465,0.2497,0.1739,84.2191,Classic Legends Pvt Ltd
2026-07,2W,PIAGGIO VEHICLES PVT LTD,3684,2754,0.2026,0.1942,33.7691,Piaggio Vehicles Pvt Ltd
2026-07,2W,Others Including EV,13830,10081,0.7606,0.711,37.1888,Others Including Ev
2026-07,PV,MARUTI SUZUKI INDIA LTD,161873,135232,38.8599,38.6737,19.7002,Maruti Suzuki
2026-07,PV,TATA MOTORS LTD,58774,42950,14.1095,12.2829,36.8428,Tata Motors
2026-07,PV,MAHINDRA & MAHINDRA LIMITED,56219,45451,13.4962,12.9981,23.6914,Mahindra
2026-07,PV,HYUNDAI MOTOR INDIA LTD,47853,45278,11.4878,12.9486,5.6871,Hyundai
2026-07,PV,TOYOTA KIRLOSKAR MOTOR PVT LTD,29443,27733,7.0682,7.9311,6.1659,Toyota
2026-07,PV,KIA INDIA PRIVATE LIMITED,25551,20971,6.1339,5.9973,21.8397,Kia
2026-07,PV,SKODA AUTO VOLKSWAGEN GROUP,8221,8902,1.9736,2.5458,-7.65,Skoda-VW
2026-07,PV,JSW MG MOTOR INDIA PVT LTD,7030,6927,1.6877,1.981,1.4869,MG Motor
2026-07,PV,HONDA CARS INDIA LTD,5822,4827,1.3977,1.3804,20.6132,Honda Cars
2026-07,PV,RENAULT INDIA PVT LTD,3505,2313,0.8414,0.6615,51.5348,Renault
2026-07,PV,NISSAN MOTOR INDIA PVT LTD,2698,1555,0.6477,0.4447,73.5048,Nissan
2026-07,PV,BMW INDIA PVT LTD,1702,1427,0.4086,0.4081,19.2712,BMW
2026-07,PV,MERCEDES-BENZ GROUP,1527,1466,0.3666,0.4192,4.161,Mercedes-Benz
2026-07,PV,VINFAST AUTO INDIA PVT LTD,1482,0,0.3558,0.0,,VinFast
2026-07,PV,FORCE MOTORS LIMITED,1193,581,0.2864,0.1662,105.3356,Force Motors
2026-07,PV,STELLANTIS GROUP,1168,874,0.2804,0.2499,33.6384,Stellantis
2026-07,PV,BYD INDIA PRIVATE LIMITED,749,613,0.1798,0.1753,22.186,BYD
2026-07,PV,JAGUAR LAND ROVER INDIA LIMITED,603,526,0.1448,0.1504,14.6388,JLR
2026-07,PV,Others,1142,2048,0.2742,0.5857,-44.2383,Others
2026-08,2W,HONDA MOTORCYCLE AND SCOOTER INDIA (P) LTD,447342,372867,26.09,26.0284,19.9736,Honda Motorcycle And Scooter India (P) Ltd
2026-08,2W,HERO MOTOCORP LTD,413996,349039,24.1452,24.3651,18.6102,Hero Motocorp Ltd
2026-08,2W,TVS MOTOR COMPANY LTD,353746,282347,20.6313,19.7096,25.2877,Tvs Motor Company Ltd
2026-08,2W,BAJAJ AUTO LTD,157149,136335,9.1653,9.517,15.2668,Bajaj Auto Ltd
2026-08,2W,SUZUKI MOTORCYCLE INDIA PVT LTD,104217,96184,6.0782,6.7142,8.3517,Suzuki Motorcycle India Pvt Ltd
2026-08,2W,ROYAL-ENFIELD (UNIT OF EICHER LTD),94448,76505,5.5084,5.3405,23.4534,Royal-Enfield (Unit Of Eicher Ltd)
2026-08,2W,INDIA YAMAHA MOTOR PVT LTD,62375,55172,3.6379,3.8513,13.0555,India Yamaha Motor Pvt Ltd
2026-08,2W,ATHER ENERGY LTD,28757,19210,1.6772,1.341,49.6981,Ather
2026-08,2W,OLA ELECTRIC TECHNOLOGIES PVT LTD,13852,19464,0.8079,1.3587,-28.8327,Ola Electric Technologies Pvt Ltd
2026-08,2W,GREAVES ELECTRIC MOBILITY LTD,8613,4567,0.5023,0.3188,88.5921,Greaves Electric Mobility Ltd
2026-08,2W,RIVER MOBILITY PVT LTD,5141,1903,0.2998,0.1328,170.1524,River Mobility Pvt Ltd
2026-08,2W,BGAUSS AUTO PRIVATE LIMITED,4845,1729,0.2826,0.1207,180.2198,Bgauss Auto Private Limited
2026-08,2W,CLASSIC LEGENDS PVT LTD,4256,2649,0.2482,0.1849,60.6644,Classic Legends Pvt Ltd
2026-08,2W,PIAGGIO VEHICLES PVT LTD,3595,2900,0.2097,0.2024,23.9655,Piaggio Vehicles Pvt Ltd
2026-08,2W,Others Including EV,12278,11666,0.7161,0.8144,5.246,Others Including Ev
2026-08,PV,MARUTI SUZUKI INDIA LTD,165200,134494,41.0539,38.8186,22.8308,Maruti Suzuki
2026-08,PV,TATA MOTORS LTD,57841,41170,14.3741,11.8828,40.4931,Tata Motors
2026-08,PV,MAHINDRA & MAHINDRA LIMITED,50245,47220,12.4864,13.629,6.4062,Mahindra
2026-08,PV,HYUNDAI MOTOR INDIA LTD,46987,44818,11.6767,12.9357,4.8396,Hyundai
2026-08,PV,TOYOTA KIRLOSKAR MOTOR PVT LTD,24856,27600,6.177,7.9661,-9.942,Toyota
2026-08,PV,KIA INDIA PRIVATE LIMITED,23371,19873,5.8079,5.7359,17.6018,Kia
2026-08,PV,SKODA AUTO VOLKSWAGEN GROUP,7469,9069,1.8561,2.6176,-17.6425,Skoda-VW
2026-08,PV,JSW MG MOTOR INDIA PVT LTD,5784,6649,1.4374,1.9191,-13.0095,MG Motor
2026-08,PV,HONDA CARS INDIA LTD,4968,4421,1.2346,1.276,12.3728,Honda Cars
2026-08,PV,RENAULT INDIA PVT LTD,3275,2618,0.8139,0.7556,25.0955,Renault
2026-08,PV,NISSAN MOTOR INDIA PVT LTD,2758,1502,0.6854,0.4335,83.6218,Nissan
2026-08,PV,VINFAST AUTO INDIA PVT LTD,2199,0,0.5465,0.0,,VinFast
2026-08,PV,BMW INDIA PVT LTD,1402,1448,0.3484,0.4179,-3.1768,BMW
2026-08,PV,MERCEDES-BENZ GROUP,1353,1469,0.3362,0.424,-7.8965,Mercedes-Benz
2026-08,PV,FORCE MOTORS LIMITED,1111,585,0.2761,0.1688,89.9145,Force Motors
2026-08,PV,STELLANTIS GROUP,998,719,0.248,0.2075,38.8039,Stellantis
2026-08,PV,JAGUAR LAND ROVER INDIA LIMITED,563,503,0.1399,0.1452,11.9284,JLR
2026-08,PV,BYD INDIA PRIVATE LIMITED,543,581,0.1349,0.1677,-6.5404,BYD
2026-08,PV,Others,1475,1729,0.3666,0.499,-14.6906,Others
2026-09,2W,HONDA MOTORCYCLE AND SCOOTER INDIA (P) LTD,468789,339537,26.1866,25.2415,38.0671,Honda Motorcycle And Scooter India (P) Ltd
2026-09,2W,HERO MOTOCORP LTD,434280,330500,24.2589,24.5697,31.4009,Hero Motocorp Ltd
2026-09,2W,TVS MOTOR COMPANY LTD,364640,256042,20.3688,19.0344,42.4141,Tvs Motor Company Ltd
2026-09,2W,BAJAJ AUTO LTD,166112,144214,9.279,10.721,15.1844,Bajaj Auto Ltd
2026-09,2W,ROYAL-ENFIELD (UNIT OF EICHER LTD),102226,83494,5.7103,6.207,22.4351,Royal-Enfield (Unit Of Eicher Ltd)
2026-09,2W,SUZUKI MOTORCYCLE INDIA PVT LTD,101926,82443,5.6936,6.1289,23.6321,Suzuki Motorcycle India Pvt Ltd
2026-09,2W,INDIA YAMAHA MOTOR PVT LTD,64292,49614,3.5914,3.6884,29.5844,India Yamaha Motor Pvt Ltd
2026-09,2W,ATHER ENERGY LTD,30533,19620,1.7056,1.4586,55.6218,Ather
2026-09,2W,OLA ELECTRIC TECHNOLOGIES PVT LTD,13451,13862,0.7514,1.0305,-2.9649,Ola Electric Technologies Pvt Ltd
2026-09,2W,GREAVES ELECTRIC MOBILITY LTD,9316,4352,0.5204,0.3235,114.0625,Greaves Electric Mobility Ltd
2026-09,2W,RIVER MOBILITY PVT LTD,5556,1895,0.3104,0.1409,193.1926,River Mobility Pvt Ltd
2026-09,2W,BGAUSS AUTO PRIVATE LIMITED,5023,2524,0.2806,0.1876,99.0095,Bgauss Auto Private Limited
2026-09,2W,CLASSIC LEGENDS PVT LTD,4573,3192,0.2554,0.2373,43.2644,Classic Legends Pvt Ltd
2026-09,2W,PIAGGIO VEHICLES PVT LTD,3778,2751,0.211,0.2045,37.3319,Piaggio Vehicles Pvt Ltd
2026-09,2W,BOUNCE ELECTRIC 1 PVT LTD,3069,895,0.1714,0.0665,242.905,Bounce Electric 1 Pvt Ltd
2026-09,2W,E-SPRINTO GREEN ENERGY PVT LTD,1997,957,0.1116,0.0711,108.6729,E-Sprinto Green Energy Pvt Ltd
2026-09,2W,Others Including EV,10627,9261,0.5936,0.6885,14.75,Others Including Ev
2026-09,PV,MARUTI SUZUKI INDIA LTD,169132,130049,39.5896,40.2142,30.0525,Maruti Suzuki
2026-09,PV,MAHINDRA & MAHINDRA LIMITED,57343,41275,13.4226,12.7632,38.9291,Mahindra
2026-09,PV,TATA MOTORS LTD,57254,44499,13.4017,13.7601,28.6636,Tata Motors
2026-09,PV,HYUNDAI MOTOR INDIA LTD,50201,38187,11.7508,11.8083,31.461,Hyundai
2026-09,PV,TOYOTA KIRLOSKAR MOTOR PVT LTD,28050,23075,6.5658,7.1353,21.5601,Toyota
2026-09,PV,KIA INDIA PRIVATE LIMITED,26663,18274,6.2411,5.6507,45.9068,Kia
2026-09,PV,SKODA AUTO VOLKSWAGEN GROUP,8479,7470,1.9847,2.3099,13.5074,Skoda-VW
2026-09,PV,JSW MG MOTOR INDIA PVT LTD,6475,5698,1.5156,1.762,13.6364,MG Motor
2026-09,PV,HONDA CARS INDIA LTD,5283,3707,1.2366,1.1463,42.5142,Honda Cars
2026-09,PV,RENAULT INDIA PVT LTD,3410,2562,0.7982,0.7922,33.0991,Renault
2026-09,PV,NISSAN MOTOR INDIA PVT LTD,2967,1379,0.6945,0.4264,115.1559,Nissan
2026-09,PV,VINFAST AUTO INDIA PVT LTD,2964,6,0.6938,0.0019,49300.0,VinFast
2026-09,PV,BMW INDIA PVT LTD,1970,1357,0.4611,0.4196,45.1732,BMW
2026-09,PV,MERCEDES-BENZ GROUP,1768,1396,0.4138,0.4317,26.6476,Mercedes-Benz
2026-09,PV,FORCE MOTORS LIMITED,1332,511,0.3118,0.158,160.6654,Force Motors
2026-09,PV,STELLANTIS GROUP,1076,641,0.2519,0.1982,67.8627,Stellantis
2026-09,PV,BYD INDIA PRIVATE LIMITED,836,732,0.1957,0.2264,14.2077,BYD
2026-09,PV,JAGUAR LAND ROVER INDIA LIMITED,581,551,0.136,0.1704,5.4446,JLR
2026-09,PV,Others,1429,2022,0.3345,0.6252,-29.3274,Others
