month,segment,units_2026,units_2025,ev_share_2026_pct,ev_share_2025_pct,yoy_growth_pct,ev_units_2026_est
2026-02,2W,1700505,1360155,6.57,5.64,25.0229,111723
2026-03,2W,1951006,1516150,9.79,8.67,28.6816,191003
2026-04,2W,1916258,1695638,7.76,5.46,13.011,148702
2026-05,2W,1844947,1715581,9.25,6.11,7.5407,170658
2026-06,2W,1828458,1508378,10.6,7.34,21.2201,193817
2026-07,2W,1818289,1417767,11.24,7.65,28.2502,204376
2026-08,2W,1714610,1432537,10.68,7.66,19.6905,183120
2026-09,2W,1790188,1345153,11.58,8.17,33.0843,207304
2026-02,PV,394768,313015,3.48,3.04,26.1179,13738
2026-03,PV,440144,362304,5.11,3.69,21.4847,22491
2026-04,PV,407355,363028,5.77,3.7,12.2104,23504
2026-05,PV,402591,326656,6.63,4.51,23.2462,26692
2026-06,PV,410853,319412,7.75,4.8,28.6279,31841
2026-07,PV,416555,349674,7.9,5.14,19.1267,32908
2026-08,PV,402398,346468,7.63,5.83,16.1429,30703
2026-09,PV,427213,323391,8.45,5.74,32.1042,36099
