month,segment,oem,units_2026,units_2025
2026-09,PV,"MARUTI SUZUKI INDIA LTD",169132,130049
2026-09,PV,"MAHINDRA & MAHINDRA LIMITED",57343,41275
2026-09,PV,"TATA MOTORS LTD",57254,44499
2026-09,PV,"HYUNDAI MOTOR INDIA LTD",50201,38187
2026-09,PV,"TOYOTA KIRLOSKAR MOTOR PVT LTD",28050,23075
2026-09,PV,"KIA INDIA PRIVATE LIMITED",26663,18274
2026-09,PV,"SKODA AUTO VOLKSWAGEN GROUP",8479,7470
2026-09,PV,"JSW MG MOTOR INDIA PVT LTD",6475,5698
2026-09,PV,"HONDA CARS INDIA LTD",5283,3707
2026-09,PV,"RENAULT INDIA PVT LTD",3410,2562
2026-09,PV,"NISSAN MOTOR INDIA PVT LTD",2967,1379
2026-09,PV,"VINFAST AUTO INDIA PVT LTD",2964,6
2026-09,PV,"BMW INDIA PVT LTD",1970,1357
2026-09,PV,"MERCEDES-BENZ GROUP",1768,1396
2026-09,PV,"FORCE MOTORS LIMITED",1332,511
2026-09,PV,"STELLANTIS GROUP",1076,641
2026-09,PV,"BYD INDIA PRIVATE LIMITED",836,732
2026-09,PV,"JAGUAR LAND ROVER INDIA LIMITED",581,551
2026-09,PV,"Others",1429,2022
2026-09,2W,"HONDA MOTORCYCLE AND SCOOTER INDIA (P) LTD",468789,339537
2026-09,2W,"HERO MOTOCORP LTD",434280,330500
2026-09,2W,"TVS MOTOR COMPANY LTD",364640,256042
2026-09,2W,"BAJAJ AUTO LTD",166112,144214
2026-09,2W,"ROYAL-ENFIELD (UNIT OF EICHER LTD)",102226,83494
2026-09,2W,"SUZUKI MOTORCYCLE INDIA PVT LTD",101926,82443
2026-09,2W,"INDIA YAMAHA MOTOR PVT LTD",64292,49614
2026-09,2W,"ATHER ENERGY LTD",30533,19620
2026-09,2W,"OLA ELECTRIC TECHNOLOGIES PVT LTD",13451,13862
2026-09,2W,"GREAVES ELECTRIC MOBILITY LTD",9316,4352
2026-09,2W,"RIVER MOBILITY PVT LTD",5556,1895
2026-09,2W,"BGAUSS AUTO PRIVATE LIMITED",5023,2524
2026-09,2W,"CLASSIC LEGENDS PVT LTD",4573,3192
2026-09,2W,"PIAGGIO VEHICLES PVT LTD",3778,2751
2026-09,2W,"BOUNCE ELECTRIC 1 PVT LTD",3069,895
2026-09,2W,"E-SPRINTO GREEN ENERGY PVT LTD",1997,957
2026-09,2W,"Others Including EV",10627,9261
2026-08,PV,"MARUTI SUZUKI INDIA LTD",165200,134494
2026-08,PV,"TATA MOTORS LTD",57841,41170
2026-08,PV,"MAHINDRA & MAHINDRA LIMITED",50245,47220
2026-08,PV,"HYUNDAI MOTOR INDIA LTD",46987,44818
2026-08,PV,"TOYOTA KIRLOSKAR MOTOR PVT LTD",24856,27600
2026-08,PV,"KIA INDIA PRIVATE LIMITED",23371,19873
2026-08,PV,"SKODA AUTO VOLKSWAGEN GROUP",7469,9069
2026-08,PV,"JSW MG MOTOR INDIA PVT LTD",5784,6649
2026-08,PV,"HONDA CARS INDIA LTD",4968,4421
2026-08,PV,"RENAULT INDIA PVT LTD",3275,2618
2026-08,PV,"NISSAN MOTOR INDIA PVT LTD",2758,1502
2026-08,PV,"VINFAST AUTO INDIA PVT LTD",2199,0
2026-08,PV,"BMW INDIA PVT LTD",1402,1448
2026-08,PV,"MERCEDES-BENZ GROUP",1353,1469
2026-08,PV,"FORCE MOTORS LIMITED",1111,585
2026-08,PV,"STELLANTIS GROUP",998,719
2026-08,PV,"JAGUAR LAND ROVER INDIA LIMITED",563,503
2026-08,PV,"BYD INDIA PRIVATE LIMITED",543,581
2026-08,PV,"Others",1475,1729
2026-08,2W,"HONDA MOTORCYCLE AND SCOOTER INDIA (P) LTD",447342,372867
2026-08,2W,"HERO MOTOCORP LTD",413996,349039
2026-08,2W,"TVS MOTOR COMPANY LTD",353746,282347
2026-08,2W,"BAJAJ AUTO LTD",157149,136335
2026-08,2W,"SUZUKI MOTORCYCLE INDIA PVT LTD",104217,96184
2026-08,2W,"ROYAL-ENFIELD (UNIT OF EICHER LTD)",94448,76505
2026-08,2W,"INDIA YAMAHA MOTOR PVT LTD",62375,55172
2026-08,2W,"ATHER ENERGY LTD",28757,19210
2026-08,2W,"OLA ELECTRIC TECHNOLOGIES PVT LTD",13852,19464
2026-08,2W,"GREAVES ELECTRIC MOBILITY LTD",8613,4567
2026-08,2W,"RIVER MOBILITY PVT LTD",5141,1903
2026-08,2W,"BGAUSS AUTO PRIVATE LIMITED",4845,1729
2026-08,2W,"CLASSIC LEGENDS PVT LTD",4256,2649
2026-08,2W,"PIAGGIO VEHICLES PVT LTD",3595,2900
2026-08,2W,"Others Including EV",12278,11666
2026-07,PV,"MARUTI SUZUKI INDIA LTD",161873,135232
2026-07,PV,"TATA MOTORS LTD",58774,42950
2026-07,PV,"MAHINDRA & MAHINDRA LIMITED",56219,45451
2026-07,PV,"HYUNDAI MOTOR INDIA LTD",47853,45278
2026-07,PV,"TOYOTA KIRLOSKAR MOTOR PVT LTD",29443,27733
2026-07,PV,"KIA INDIA PRIVATE LIMITED",25551,20971
2026-07,PV,"SKODA AUTO VOLKSWAGEN GROUP",8221,8902
2026-07,PV,"JSW MG MOTOR INDIA PVT LTD",7030,6927
2026-07,PV,"HONDA CARS INDIA LTD",5822,4827
2026-07,PV,"RENAULT INDIA PVT LTD",3505,2313
2026-07,PV,"NISSAN MOTOR INDIA PVT LTD",2698,1555
2026-07,PV,"BMW INDIA PVT LTD",1702,1427
2026-07,PV,"MERCEDES-BENZ GROUP",1527,1466
2026-07,PV,"VINFAST AUTO INDIA PVT LTD",1482,0
2026-07,PV,"FORCE MOTORS LIMITED",1193,581
2026-07,PV,"STELLANTIS GROUP",1168,874
2026-07,PV,"BYD INDIA PRIVATE LIMITED",749,613
2026-07,PV,"JAGUAR LAND ROVER INDIA LIMITED",603,526
2026-07,PV,"Others",1142,2048
2026-07,2W,"HONDA MOTORCYCLE AND SCOOTER INDIA (P) LTD",469687,365395
2026-07,2W,"HERO MOTOCORP LTD",440662,347398
2026-07,2W,"TVS MOTOR COMPANY LTD",374113,280337
2026-07,2W,"BAJAJ AUTO LTD",180183,146667
2026-07,2W,"SUZUKI MOTORCYCLE INDIA PVT LTD",102668,93984
2026-07,2W,"ROYAL-ENFIELD (UNIT OF EICHER LTD)",95080,72207
2026-07,2W,"INDIA YAMAHA MOTOR PVT LTD",67781,52486
2026-07,2W,"ATHER ENERGY LTD",30357,17834
2026-07,2W,"OLA ELECTRIC TECHNOLOGIES PVT LTD",14106,18450
2026-07,2W,"GREAVES ELECTRIC MOBILITY LTD",10125,4266
2026-07,2W,"RIVER MOBILITY PVT LTD",5954,1680
2026-07,2W,"BGAUSS AUTO PRIVATE LIMITED",5518,1763
2026-07,2W,"CLASSIC LEGENDS PVT LTD",4541,2465
2026-07,2W,"PIAGGIO VEHICLES PVT LTD",3684,2754
2026-07,2W,"Others Including EV",13830,10081
2026-06,PV,"MARUTI SUZUKI INDIA LTD",167834,122775
2026-06,PV,"TATA MOTORS LTD",57009,37731
2026-06,PV,"MAHINDRA & MAHINDRA LIMITED",54099,44249
2026-06,PV,"HYUNDAI MOTOR INDIA LTD",44163,40743
2026-06,PV,"TOYOTA KIRLOSKAR MOTOR PVT LTD",28818,25031
2026-06,PV,"KIA INDIA PRIVATE LIMITED",23166,19485
2026-06,PV,"SKODA AUTO VOLKSWAGEN GROUP",8098,8564
2026-06,PV,"JSW MG MOTOR INDIA PVT LTD",6997,5768
2026-06,PV,"HONDA CARS INDIA LTD",4833,4230
2026-06,PV,"RENAULT INDIA PVT LTD",3858,2578
2026-06,PV,"NISSAN MOTOR INDIA PVT LTD",2749,1398
2026-06,PV,"BMW INDIA PVT LTD",1699,1327
2026-06,PV,"MERCEDES-BENZ GROUP",1608,1513
2026-06,PV,"VINFAST AUTO INDIA PVT LTD",1404,0
2026-06,PV,"STELLANTIS GROUP",999,769
2026-06,PV,"BYD INDIA PRIVATE LIMITED",873,508
2026-06,PV,"FORCE MOTORS LIMITED",870,410
2026-06,PV,"JAGUAR LAND ROVER INDIA LIMITED",587,540
2026-06,PV,"Others",1189,1793
2026-06,2W,"HERO MOTOCORP LTD",472144,401803
2026-06,2W,"HONDA MOTORCYCLE AND SCOOTER INDIA (P) LTD",452754,374971
2026-06,2W,"TVS MOTOR COMPANY LTD",359243,292639
2026-06,2W,"BAJAJ AUTO LTD",188145,165733
2026-06,2W,"SUZUKI MOTORCYCLE INDIA PVT LTD",105057,90429
2026-06,2W,"ROYAL-ENFIELD (UNIT OF EICHER LTD)",94548,75386
2026-06,2W,"INDIA YAMAHA MOTOR PVT LTD",67696,50234
2026-06,2W,"ATHER ENERGY LTD",31230,16015
2026-06,2W,"OLA ELECTRIC TECHNOLOGIES PVT LTD",16150,20697
2026-06,2W,"GREAVES ELECTRIC MOBILITY LTD",10930,4310
2026-06,2W,"CLASSIC LEGENDS PVT LTD",4515,2106
2026-06,2W,"RIVER MOBILITY PVT LTD",4399,1399
2026-06,2W,"BGAUSS AUTO PRIVATE LIMITED",3917,1975
2026-06,2W,"PIAGGIO VEHICLES PVT LTD",3263,2475
2026-06,2W,"Others Including EV",14467,8206
2026-05,PV,"MARUTI SUZUKI INDIA LTD",164925,123714
2026-05,PV,"TATA MOTORS LTD",55544,39888
2026-05,PV,"MAHINDRA & MAHINDRA LIMITED",51311,46464
2026-05,PV,"HYUNDAI MOTOR INDIA LTD",46223,40979
2026-05,PV,"TOYOTA KIRLOSKAR MOTOR PVT LTD",26294,24726
2026-05,PV,"KIA INDIA PRIVATE LIMITED",24644,18450
2026-05,PV,"SKODA AUTO VOLKSWAGEN GROUP",8380,9374
2026-05,PV,"JSW MG MOTOR INDIA PVT LTD",5861,5966
2026-05,PV,"HONDA CARS INDIA LTD",4489,4529
2026-05,PV,"RENAULT INDIA PVT LTD",4217,2472
2026-05,PV,"NISSAN MOTOR INDIA PVT LTD",2959,1605
2026-05,PV,"BMW INDIA PVT LTD",1371,1173
2026-05,PV,"MERCEDES-BENZ GROUP",1327,1519
2026-05,PV,"VINFAST AUTO INDIA PVT LTD",1238,0
2026-05,PV,"STELLANTIS GROUP",851,732
2026-05,PV,"FORCE MOTORS LIMITED",726,472
2026-05,PV,"BYD INDIA PRIVATE LIMITED",686,621
2026-05,PV,"JAGUAR LAND ROVER INDIA LIMITED",363,409
2026-05,PV,"Others",1182,3563
2026-05,2W,"HERO MOTOCORP LTD",517951,507323
2026-05,2W,"HONDA MOTORCYCLE AND SCOOTER INDIA (P) LTD",452420,413597
2026-05,2W,"TVS MOTOR COMPANY LTD",356352,319518
2026-05,2W,"BAJAJ AUTO GROUP",197738,193944
2026-05,2W,"SUZUKI MOTORCYCLE INDIA PVT LTD",97885,93114
2026-05,2W,"ROYAL-ENFIELD (UNIT OF EICHER LTD)",84480,81672
2026-05,2W,"INDIA YAMAHA MOTOR PVT LTD",60625,52041
2026-05,2W,"ATHER ENERGY LTD",28240,14101
2026-05,2W,"OLA ELECTRIC TECHNOLOGIES PVT LTD",15141,18967
2026-05,2W,"GREAVES ELECTRIC MOBILITY LTD",7695,4325
2026-05,2W,"CLASSIC LEGENDS PVT LTD",4447,2190
2026-05,2W,"RIVER MOBILITY PVT LTD",3720,1078
2026-05,2W,"BGAUSS AUTO PRIVATE LIMITED",3297,1082
2026-05,2W,"PIAGGIO VEHICLES PVT LTD",3056,2564
2026-05,2W,"Others Including EV",11900,10065
2026-04,PV,"MARUTI SUZUKI INDIA LTD",158509,140971
2026-04,PV,"TATA MOTORS LTD",57688,45130
2026-04,PV,"MAHINDRA & MAHINDRA LIMITED",55236,51574
2026-04,PV,"HYUNDAI MOTOR INDIA LTD",47449,45203
2026-04,PV,"TOYOTA KIRLOSKAR MOTOR PVT LTD",27006,25609
2026-04,PV,"KIA INDIA PRIVATE LIMITED",25226,22368
2026-04,PV,"SKODA AUTO VOLKSWAGEN GROUP",8913,10070
2026-04,PV,"JSW MG MOTOR INDIA PVT LTD",6064,5284
2026-04,PV,"HONDA CARS INDIA LTD",5346,5057
2026-04,PV,"RENAULT INDIA PVT LTD",4087,2870
2026-04,PV,"NISSAN MOTOR INDIA PVT LTD",3047,1914
2026-04,PV,"BMW INDIA PVT LTD",1448,1333
2026-04,PV,"MERCEDES-BENZ GROUP",1330,1416
2026-04,PV,"VINFAST AUTO INDIA PVT LTD",1232,0
2026-04,PV,"FORCE MOTORS LIMITED",1166,541
2026-04,PV,"STELLANTIS GROUP",970,714
2026-04,PV,"BYD INDIA PRIVATE LIMITED",469,398
2026-04,PV,"JAGUAR LAND ROVER INDIA LIMITED",450,458
2026-04,PV,"Others",1719,2118
2026-04,2W,"HERO MOTOCORP LTD",552145,512520
2026-04,2W,"HONDA MOTORCYCLE AND SCOOTER INDIA (P) LTD",472289,407791
2026-04,2W,"TVS MOTOR COMPANY LTD",368853,310734
2026-04,2W,"BAJAJ AUTO GROUP",201777,183808
2026-04,2W,"ROYAL-ENFIELD (UNIT OF EICHER LTD)",96798,82593
2026-04,2W,"SUZUKI MOTORCYCLE INDIA PVT LTD",90401,92517
2026-04,2W,"INDIA YAMAHA MOTOR PVT LTD",63433,52595
2026-04,2W,"ATHER ENERGY LTD",27034,13332
2026-04,2W,"OLA ELECTRIC TECHNOLOGIES PVT LTD",12171,19824
2026-04,2W,"GREAVES ELECTRIC MOBILITY PVT LTD",6884,4003
2026-04,2W,"CLASSIC LEGENDS PVT LTD",4520,2477
2026-04,2W,"RIVER MOBILITY PVT LTD",3199,796
2026-04,2W,"BGAUSS AUTO PRIVATE LIMITED",3066,1313
2026-04,2W,"PIAGGIO VEHICLES PVT LTD",2926,2629
2026-04,2W,"Others Including EV",10762,8706
2026-03,PV,"MARUTI SUZUKI INDIA LTD",172814,134406
2026-03,PV,"TATA MOTORS LTD",65784,49721
2026-03,PV,"MAHINDRA & MAHINDRA LIMITED",61029,49211
2026-03,PV,"HYUNDAI MOTOR INDIA LTD",48791,44007
2026-03,PV,"KIA INDIA PRIVATE LIMITED",28108,22833
2026-03,PV,"TOYOTA KIRLOSKAR MOTOR PVT LTD",27533,25348
2026-03,PV,"SKODA AUTO VOLKSWAGEN GROUP",8765,9504
2026-03,PV,"JSW MG MOTOR INDIA PVT LTD",6269,5567
2026-03,PV,"HONDA CARS INDIA LTD",5528,5146
2026-03,PV,"RENAULT INDIA PVT LTD",3594,2652
2026-03,PV,"NISSAN MOTOR INDIA PVT LTD",2544,1806
2026-03,PV,"BMW INDIA PVT LTD",1580,1384
2026-03,PV,"MERCEDES-BENZ GROUP",1448,1644
2026-03,PV,"FORCE MOTORS LIMITED",1312,593
2026-03,PV,"STELLANTIS GROUP",971,663
2026-03,PV,"VINFAST AUTO INDIA PVT LTD",691,0
2026-03,PV,"JAGUAR LAND ROVER INDIA LIMITED",439,567
2026-03,PV,"BYD INDIA PRIVATE LIMITED",414,452
2026-03,PV,"Others",2530,6800
2026-03,2W,"HERO MOTOCORP LTD",541857,436598
2026-03,2W,"HONDA MOTORCYCLE AND SCOOTER INDIA (P) LTD",475313,357548
2026-03,2W,"TVS MOTOR COMPANY LTD",374602,276276
2026-03,2W,"BAJAJ AUTO GROUP",216253,171866
2026-03,2W,"SUZUKI MOTORCYCLE INDIA PVT LTD",98412,84955
2026-03,2W,"ROYAL-ENFIELD (UNIT OF EICHER LTD)",96510,77560
2026-03,2W,"INDIA YAMAHA MOTOR PVT LTD",65705,48320
2026-03,2W,"ATHER ENERGY LTD",35736,15650
2026-03,2W,"OLA ELECTRIC TECHNOLOGIES PVT LTD",10118,23634
2026-03,2W,"GREAVES ELECTRIC MOBILITY PVT LTD",7965,5648
2026-03,2W,"CLASSIC LEGENDS PVT LTD",4617,2324
2026-03,2W,"RIVER MOBILITY PVT LTD",4149,802
2026-03,2W,"BGAUSS AUTO PRIVATE LIMITED",3680,2591
2026-03,2W,"PIAGGIO VEHICLES PVT LTD",3122,2333
2026-03,2W,"Others Including EV",12967,10045
2026-02,PV,"MARUTI SUZUKI INDIA LTD",154095,120010
2026-02,PV,"TATA MOTORS LTD",56447,39502
2026-02,PV,"MAHINDRA & MAHINDRA LIMITED",53281,42414
2026-02,PV,"HYUNDAI MOTOR INDIA LTD",45615,39368
2026-02,PV,"TOYOTA KIRLOSKAR MOTOR PVT LTD",26392,23283
2026-02,PV,"KIA INDIA PRIVATE LIMITED",25031,19479
2026-02,PV,"SKODA AUTO VOLKSWAGEN GROUP",7615,6777
2026-02,PV,"HONDA CARS INDIA LTD",4774,5354
2026-02,PV,"JSW MG MOTOR INDIA PVT LTD",4548,4846
2026-02,PV,"RENAULT INDIA PVT LTD",3248,2547
2026-02,PV,"NISSAN MOTOR INDIA PVT LTD",1622,1747
2026-02,PV,"FORCE MOTORS LIMITED",1415,565
2026-02,PV,"MERCEDES-BENZ GROUP",1371,1306
2026-02,PV,"BMW INDIA PVT LTD",1216,1208
2026-02,PV,"STELLANTIS GROUP",1009,764
2026-02,PV,"JAGUAR LAND ROVER INDIA LIMITED",478,515
2026-02,PV,"VINFAST AUTO INDIA PVT LTD",384,0
2026-02,PV,"BYD INDIA PRIVATE LIMITED",306,278
2026-02,PV,"Others",5921,3052
2026-02,2W,"HERO MOTOCORP LTD",457826,386703
2026-02,2W,"HONDA MOTORCYCLE AND SCOOTER INDIA (P) LTD",431253,329857
2026-02,2W,"TVS MOTOR COMPANY LTD",333935,254599
2026-02,2W,"BAJAJ AUTO GROUP",180846,154205
2026-02,2W,"SUZUKI MOTORCYCLE INDIA PVT LTD",94398,77292
2026-02,2W,"ROYAL-ENFIELD (UNIT OF EICHER LTD)",91216,71974
2026-02,2W,"INDIA YAMAHA MOTOR PVT LTD",60967,46327
2026-02,2W,"ATHER ENERGY LTD",20584,11978
2026-02,2W,"GREAVES ELECTRIC MOBILITY PVT LTD",4724,3704
2026-02,2W,"CLASSIC LEGENDS PVT LTD",4468,2350
2026-02,2W,"OLA ELECTRIC TECHNOLOGIES PVT LTD",3968,8675
2026-02,2W,"PIAGGIO VEHICLES PVT LTD",2867,2358
2026-02,2W,"BGAUSS AUTO PRIVATE LIMITED",2411,1219
2026-02,2W,"RIVER MOBILITY PVT LTD",2255,613
2026-02,2W,"Others Including EV",8787,8301
